area;settore;plot;x;y;elevation;tri;tpi;rough;slope;flowdir;Abi_alb_;Pin_nig_;Ace_opa_;Ace_pse_;Pru_spi_;Fra_orn_;Ros_sp._;Jun_com_;Cor_mas_;Que_cer_;Que_pub_;Ace_cam_;Cra_mon_;Ost_car_;Ulm_cam_;Sor_auc_;Ile_aqu_;Sor_tor_;Pyr_pyr_;Aln_glu_;Aln_cor_;Sal_cap_;Pru_avi_;Mal_syl_;Pse_men_;Pin_syl_;Bra_rup_;Rub_can_;Car_fla_;Hed_hel_;Dac_glo_;Bug_pur_;Bro_ram_;Equ_sp._;Cle_vit_;Bri_med_;Vic_spa_Och;Lon_sp._;Dau_car_;Vio_rei_;Pot_rec_;Tri_pra_;Cli_vul_;Mel_uni_;Tus_far_;Dor_pen_;Hol_lan_;Dor_hir_;Teu_cha_;Lot_cor_;Ono_spi_;Orc_mac_;Sca_col_;Cru_gla_;Hyp_sp._;Lat_syl_;Gen_tin_;Gen_sp._;Gal_luc_;Con_sp._;Cor_sp._;Hip_com_;Tri_sp._;Phl_pra_;Tam_com_;Bla_per_;Ran_sp._;Cor_eme_;Aru_mac_;Leu_vul_;Spa_jun_;Hel_foe_;Poa_nem_;Sil_sp._;Mon_hyp_;San_min_;Pla_lan_;Ach_mil_;Fes_het_;Pri_ver_;Tri_cam_;Rap_rug_;Cre_sp._;Car_pen_;Dip_ful_;Aju_rep_;Ast_mon_;Sp1_Pic_suf;Gal_rot_;Cep_dam_;Med_fal_;Tar__;Tri_rep_;Inu_sp._;Jun_sp._;Tra_por_;Bis_sp._;Cer_lig_;Arc_lap_;Pic_hie_;Pte_aqu_;Rub_ida_;Cyt_sco_;Fag_syl_;Ced_deo_;Sal_glu_;Mur_zan_;Sed_sp._;Cre_leo_;Pla_bif_;Dig_mic_;Moe_tri_;Ver_off_;Luz_niv_;Fra_ves_;Ant_odo_;Epi_mon_;Orc_sp._;Sen_ova_;Ger_sp._;Teu_sco_;Ver_fil_;Eri_car_;Bun_bul_;Cam_sp._;Hel_ita_
1;1.1;1.1.1;714205.92;4756984.87;771.19;1.9;1.2;7.3;13.5;32;5;9;0;0;0;2;2;0;2;5;3;1;0;0;3;0;0;0;0;0;0;0;0;0;0;0;5;9;2;3;2;0;2;0;0;0;2;1;0;2;0;1;2;2;0;0;0;0;0;0;0;0;0;2;2;0;0;0;0;0;0;0;0;0;0;0;1;0;0;0;0;0;0;0;0;0;0;0;0;0;0;0;0;0;0;0;0;0;0;0;0;0;0;0;0;0;0;0;0;0;0;0;0;0;0;0;0;0;0;0;0;0;0;0;0;0;0;0;0;0;0;0;0;0;0;0
1;1.1;1.1.2;714179.95;4756955.62;768.83;0.9;-0.2;2.6;6.0;64;0;9;2;0;2;3;3;2;3;5;3;2;0;0;2;0;0;0;0;3;0;3;0;0;0;0;5;9;3;3;2;2;3;0;0;0;0;0;0;3;0;0;0;2;0;0;0;0;0;0;0;0;0;0;0;0;0;0;0;0;0;0;0;0;0;0;0;0;0;0;0;0;0;0;0;0;0;0;0;0;0;0;0;0;0;0;0;0;0;0;0;0;0;0;0;0;0;0;0;0;0;0;0;0;0;0;0;0;0;0;0;0;0;0;0;0;0;0;0;0;0;0;0;0;0;0
1;1.1;1.1.3;714144.99;4756928.49;770.16;1.6;-1.1;4.9;10.1;64;0;9;2;0;0;5;2;2;2;7;0;3;0;0;0;0;0;0;0;0;0;0;0;0;0;0;5;8;3;3;0;0;5;2;0;0;0;0;0;0;1;0;0;0;1;0;0;0;0;0;0;0;0;0;0;0;0;0;0;0;0;0;0;0;0;0;0;0;0;0;0;0;0;0;0;0;0;0;0;0;0;0;0;0;0;0;0;0;0;0;0;0;0;0;0;0;0;0;0;0;0;0;0;0;0;0;0;0;0;0;0;0;0;0;0;0;0;0;0;0;0;0;0;0;0;0
1;1.2;1.2.1;714289.95;4757074.56;762.81;2.4;1.0;6.9;16.5;64;0;9;2;0;2;0;0;2;1;0;0;3;0;0;0;0;0;3;0;0;0;0;0;0;0;0;7;3;3;2;0;0;2;0;0;0;3;2;1;0;0;0;1;2;0;0;0;1;0;0;0;0;0;1;1;0;1;0;0;0;0;0;0;1;1;0;0;0;0;0;0;1;0;0;0;0;0;0;0;0;0;0;0;0;0;0;0;0;0;0;0;0;0;0;0;0;0;0;0;0;0;0;0;0;0;0;0;0;0;0;0;0;0;0;0;0;0;0;0;0;0;0;0;0;0;0
1;1.2;1.2.2;714326.86;4757054.10;760.23;0.9;-0.0;2.6;6.7;64;0;9;2;0;5;1;2;2;2;5;0;0;2;0;0;0;0;0;3;0;0;0;0;0;0;0;7;3;3;2;3;2;1;0;3;2;0;1;0;0;0;0;0;0;0;3;0;0;0;0;0;0;1;0;0;0;0;0;0;0;0;0;0;0;0;0;0;0;0;0;0;0;1;0;0;0;0;0;0;0;0;0;0;0;0;0;0;0;0;0;0;1;0;0;0;0;0;0;0;0;0;0;0;0;0;0;0;0;0;0;0;0;0;0;0;0;0;0;0;0;0;0;0;0;0;0
1;1.2;1.2.3;714279.42;4757099.86;756.31;2.0;0.5;6.2;14.5;32;0;9;3;0;2;0;1;0;1;0;0;1;0;0;0;0;0;3;0;0;0;0;0;0;0;0;8;2;2;2;2;2;0;0;2;0;2;0;1;0;0;0;1;2;0;0;0;0;0;0;0;0;0;0;0;1;0;0;0;1;0;0;1;0;0;0;0;1;0;1;0;0;0;0;0;0;0;2;0;0;0;0;0;0;0;0;0;0;0;0;0;0;0;0;0;0;0;0;0;0;0;0;0;0;0;0;0;0;0;0;0;0;0;0;0;0;0;0;0;0;0;0;0;0;0;0
1;1.3;1.3.1;714318.85;4757144.68;751.00;1.4;-0.3;5.0;9.8;32;0;9;5;0;2;2;2;0;2;5;5;3;1;0;0;0;0;0;0;0;0;0;3;0;0;0;8;2;5;3;1;2;0;0;2;0;3;1;0;0;0;0;2;0;0;0;2;0;0;0;0;0;0;0;0;2;0;0;2;0;0;0;0;0;0;0;0;0;0;0;0;0;0;0;0;0;0;0;0;0;0;0;0;0;0;0;1;1;0;0;0;0;0;0;0;0;0;0;0;0;0;0;0;0;0;0;0;0;0;0;0;0;0;0;0;0;0;0;0;0;0;0;0;0;0;0
1;1.3;1.3.2;714318.25;4757188.04;739.43;1.8;-0.5;6.2;12.6;32;0;9;5;0;1;2;1;1;3;0;3;5;0;0;0;0;0;0;0;0;0;0;0;0;0;0;5;5;2;3;1;0;0;0;0;0;1;0;0;2;0;1;1;0;0;0;0;0;1;0;0;2;0;0;0;1;2;0;1;0;0;0;0;0;0;0;0;2;0;0;0;0;0;0;2;0;0;0;0;0;0;0;0;0;0;0;0;0;0;0;0;0;0;0;0;0;0;0;0;0;0;0;0;0;0;0;0;0;0;0;0;0;0;0;0;0;0;0;0;0;0;0;0;0;0;0
1;1.3;1.3.3;714295.55;4757144.35;749.25;2.3;0.6;8.2;16.5;32;0;9;7;0;2;0;2;0;0;3;5;2;0;0;0;0;0;0;0;0;0;0;5;0;0;0;8;2;2;5;1;0;0;0;2;0;3;0;0;2;0;2;2;2;0;0;0;1;0;0;0;0;0;0;1;1;1;0;1;0;0;0;0;0;2;0;0;0;0;0;0;2;0;0;0;1;0;0;0;2;0;0;0;0;0;0;2;0;0;0;0;0;0;0;0;0;0;0;0;0;0;0;0;0;0;0;0;0;0;0;0;0;0;0;0;0;0;0;0;0;0;0;0;0;0;0
1;1.4;1.4.1;714407.97;4757225.67;737.88;1.3;0.4;4.3;9.6;64;0;9;2;0;3;1;2;3;2;0;3;1;2;0;0;0;0;0;0;0;0;0;0;0;0;0;8;2;2;2;2;0;0;0;0;3;0;0;0;0;2;0;0;0;0;0;0;0;0;1;0;0;1;0;0;0;0;0;0;0;0;0;0;0;0;0;0;0;0;0;0;0;0;0;0;0;0;0;1;0;0;0;0;0;0;0;0;0;0;0;0;0;0;0;0;0;0;0;0;0;0;0;0;0;0;0;0;0;0;0;0;0;0;0;0;0;0;0;0;0;0;0;0;0;0;0
1;1.4;1.4.2;714378.74;4757234.50;736.28;1.4;0.0;4.1;10.1;128;0;9;1;0;3;0;2;3;1;1;3;1;1;0;0;1;0;0;0;0;0;0;0;0;0;0;7;2;2;2;2;2;0;0;0;0;1;1;0;0;0;0;0;0;2;0;0;0;0;0;0;1;1;0;0;0;0;0;0;0;0;0;0;0;0;0;1;0;0;0;0;0;0;0;0;0;0;0;1;0;0;0;0;0;0;0;0;0;0;0;0;0;0;0;0;0;0;0;0;0;0;0;0;0;0;0;0;0;0;0;0;0;0;0;0;0;0;0;0;0;0;0;0;0;0;0
1;1.4;1.4.3;714395.47;4757287.86;727.43;1.6;0.1;5.6;11.8;128;0;8;3;0;2;2;0;0;2;0;0;1;1;1;0;1;0;0;0;0;0;0;0;3;0;0;8;3;0;2;3;5;0;0;3;0;0;2;1;0;2;1;0;0;0;0;0;0;0;0;0;0;0;0;0;0;0;0;0;0;0;0;0;0;0;0;0;0;0;0;0;0;0;0;0;0;0;0;0;0;0;0;0;0;0;0;0;0;0;0;0;0;0;0;0;0;0;0;0;0;0;0;0;0;0;0;0;0;0;0;0;0;0;0;0;0;0;0;0;0;0;0;0;0;0;0
1;1.5;1.5.1;714435.52;4757132.69;738.57;0.8;-0.1;2.5;6.1;1;0;9;0;0;3;5;3;3;2;7;0;2;2;3;0;0;0;0;0;0;0;0;0;0;0;0;7;5;0;3;0;2;0;0;2;0;2;0;0;0;0;0;0;0;0;0;3;0;0;0;0;0;0;2;0;0;0;0;0;0;0;0;0;0;0;0;0;0;0;0;0;0;0;0;0;0;0;0;0;0;0;0;0;0;0;0;0;0;0;0;0;0;0;0;0;0;0;0;0;0;0;0;0;0;0;0;0;0;0;0;0;0;0;0;0;0;0;0;0;0;0;0;0;0;0;0
1;1.5;1.5.2;714432.97;4757173.65;737.52;1.1;-0.2;3.3;8.4;1;0;9;3;0;0;2;2;2;2;0;0;5;0;0;0;0;0;0;0;0;0;0;0;0;0;0;3;3;3;3;2;7;5;0;0;0;0;1;1;0;0;0;0;0;0;0;0;0;0;0;0;0;0;0;0;0;0;0;0;0;0;0;0;0;0;0;0;0;1;0;0;0;0;0;0;0;0;0;0;0;0;0;0;0;0;0;0;0;0;0;0;0;0;0;0;0;0;0;0;0;0;0;0;0;0;0;0;0;0;0;0;0;0;0;0;0;0;0;0;0;0;0;0;0;0;0
1;1.5;1.5.3;714487.67;4757139.20;732.79;1.0;-0.4;2.8;7.2;64;0;9;1;3;2;1;3;2;2;5;0;2;2;0;1;0;0;0;0;0;0;0;0;0;0;0;5;2;5;3;2;2;0;0;2;0;2;0;2;2;1;0;2;0;0;0;0;2;0;2;0;1;0;1;0;0;0;0;0;0;0;0;1;0;0;0;0;0;0;0;0;0;0;0;0;0;0;0;0;1;0;0;0;0;0;0;0;0;0;0;0;0;0;0;0;0;0;0;0;0;0;0;0;0;0;0;0;0;0;0;0;0;0;0;0;0;0;0;0;0;0;0;0;0;0;0
1;1.6;1.6.1;714545.67;4757098.12;735.04;1.9;0.7;7.2;13.7;128;0;8;3;0;3;2;1;1;2;5;0;0;0;0;0;0;1;0;0;0;0;0;3;0;0;0;8;5;7;2;0;0;0;0;0;0;1;0;0;1;0;0;0;0;0;0;0;1;0;0;0;0;0;0;1;0;0;0;0;0;3;0;0;0;1;0;0;0;0;0;2;0;0;0;0;0;0;0;0;0;0;0;0;0;0;0;0;0;0;1;0;0;0;0;0;0;0;0;0;0;0;0;0;0;0;0;0;0;0;0;0;0;0;0;0;0;0;0;0;0;0;0;0;0;0;0
1;1.6;1.6.2;714555.21;4757125.51;729.17;1.6;-0.6;6.2;11.8;128;0;9;3;0;2;2;2;0;2;0;0;0;1;0;0;0;0;0;0;0;0;0;0;0;0;0;5;3;5;2;3;0;3;7;0;0;0;0;0;2;1;1;0;0;0;0;3;0;3;0;0;2;0;0;0;0;0;1;0;0;0;0;0;0;0;0;1;0;1;0;0;0;0;0;0;0;0;0;0;0;0;1;0;0;0;0;0;1;0;0;0;1;0;0;1;0;0;1;0;0;0;0;0;0;0;0;0;0;0;0;0;0;0;0;0;0;0;0;0;0;0;0;0;0;0;0
1;1.6;1.6.3;714545.22;4757162.92;727.14;2.2;1.4;7.9;14.3;128;0;9;1;0;2;2;2;2;0;0;0;1;0;0;3;0;0;0;0;0;0;0;0;0;0;0;7;3;5;3;2;3;5;5;0;0;0;2;1;0;1;1;2;0;0;0;2;0;0;0;0;0;0;0;0;0;0;0;0;0;2;0;0;0;0;0;0;0;0;0;1;0;0;0;0;0;0;0;0;0;0;0;0;0;0;0;0;0;0;0;0;0;0;0;0;0;0;0;0;0;0;0;0;0;0;0;0;0;0;0;0;0;0;0;0;0;0;0;0;0;0;0;0;0;0;0
1;1.7;1.7.1;714616.93;4756873.67;765.85;1.0;-0.1;3.8;7.8;128;0;7;0;0;3;0;2;3;2;5;1;0;1;0;0;0;0;0;0;0;0;0;0;0;0;3;7;2;3;2;3;2;0;2;0;2;0;0;2;0;2;0;0;0;0;0;0;0;0;0;0;0;0;0;0;0;0;0;0;0;0;0;0;0;0;0;0;0;0;0;0;0;0;1;0;0;0;0;0;0;1;0;1;0;0;0;0;0;0;0;0;0;0;0;0;0;0;0;0;1;0;0;0;0;0;0;0;0;0;0;0;0;0;0;0;0;0;0;0;0;0;0;0;0;0;0
1;1.7;1.7.2;714616.66;4756912.24;762.63;1.8;1.1;5.5;11.6;64;0;7;2;0;2;3;1;3;0;0;0;3;1;0;0;0;1;2;3;0;1;0;0;0;0;0;7;2;3;3;3;1;0;3;1;5;0;2;1;0;2;0.1;0;0;2;0;0;2;0;0;2;0;1;0;0;0;1;1;0;0;0;0;0;1;0;1;0;0;0;0;1;0;2;1;0;0;1;0;0;0;0;0;0;0;0;0;1;0;0;0;0;0;1;0;0;1;0;0;0;0;0;0;0;0;0;0;0;0;0;0;0;0;0;0;0;0;0;0;0;0;0;0;0;0;0;0
1;1.7;1.7.3;714592.17;4756914.49;765.63;2.2;1.4;6.8;13.7;64;0;7;2;0;2;3;2;2;0;0;0;3;1;0;0;0;0;1;0;0;3;0;0;0;0;0;8;2;3;2;3;0;0;0;1;0;0;0;0.1;0;0;2;0;0;2;3;0;2;1;0;2;0;1;0;1;0;0;0;1;2;0;0;1;1;0;2;0;0;0;1;0;0;1;1;0;0;0;0;0;0;0;0;1;0;0;0;0;0;0;0;0;0;0;1;0;0;0;0;0;0;0;0;0;0;0;0;0;0;0;0;0;0;0;0;0;0;0;0;0;0;0;0;0;0;0;0
1;1.8;1.8.1;714712.78;4757005.69;743.08;1.5;1.5;4.1;11.2;64;0;7;2;0;2;2;2;3;1;5;3;1;1;0;0;0;0;0;0;0;0;3;0;0;0;0;8;0;1;2;2;0;0;0;1;3;0;1;1;0;0;0;0;0;3;0;0;0;0;2;1;0;0;0;1;0;0;1;1;1;0;0;1;0;0;0;0;0;0;0;2;0;0;0;0;0;1;0;0;0;0;0;0;0;0;0;0;0;0;0;0;1;0;0;1;0;0;0;0;0;0;0;0;0;0;0;0;0;0;0;0;0;0;0;0;0;0;0;0;0;0;0;0;0;0;0
1;1.8;1.8.2;714677.92;4757007.27;741.44;1.8;-0.1;6.4;12.9;128;0;9;2;0;2;2;1;1;1;3;0;0;0;2;3;0;0;0;0;0;0;0;0;0;0;0;9;2;1;2;2;0;0;2;1;1;0;2;0;0;0;0;0;0;0;0;0;0;1;0;0;1;0;0;0;0;0;0;0;0;0;0;0;0;0;1;0;0;0;0;1;0;0;0;0;0;0;0;0;0;0;1;0;0;0;0;0;0;1;0;0;0;0;0;0;0;0;0;0;0;0;0;0;0;0;0;0;0;0;0;0;0;0;0;0;0;0;0;0;0;0;0;0;0;0;0
1;1.8;1.8.3;714655.37;4756969.49;749.97;1.2;0.1;4.2;8.6;128;0;9;3;0;2;3;1;2;0;0;0;0;1;0;0;0;0;0;0;0;0;0;0;0;0;0;7;3;2;2;2;0;0;2;1;0;0;0;1;0;0;2;1;0;2;0;1;0;1;2;0;1;0;0;0;2;0;0;0;1;0;1;0;0;0;0;0;0;0;0;0;0;0;0;1;1;0;0;0;0;0;0;0;2;0;0;0;0;0;0;1;2;0;0;0;0;0;0;0;0;0;0;0;0;0;0;0;0;0;0;0;0;0;0;0;0;0;0;0;0;0;0;0;0;0;0
1;1.9;1.9.1;714695.31;4756923.40;752.45;1.6;-0.6;4.6;11.4;64;0;8;2;0;3;3;2;2;0;0;0;0;1;0;0;0;0;0;1;0;0;0;0;0;0;0;9;5;3;2;3;2;0;2;0.1;2;0;1;1;0;1;0;0;0;0;1;0;0;2;0;0;0;0;1;0;0;0;0;0;0;0;0;0;1;0;0;0;0;0;0;0;0;0;0;0;0;0;0;0;0;0;0;0;0;0;0;0;0;0;0;0;0;0;0;0;0;0;0;0;0;0;0;0;0;0;0;0;0;0;0;0;0;0;0;0;0;0;0;0;0;0;0;0;0;0;0
1;1.9;1.9.2;714710.70;4756897.07;755.52;0.7;0.0;2.8;5.3;1;0;7;0;0;2;0;1;2;2;0;0;0;2;0;0;2;0;3;3;0;0;0;0;0;0;0;8;7;3;0;3;0;0;3;0;2;0;2;2;0;1;2;0;0;0;2;0;0;0;0;2;0;2;0;0;0;0;0;0;0;0;2;0;0;0;0;0;0;0;1;0;0;0;0;0;0;0;0;0;0;0;0;0;0;1;1;0;1;0;0;0;0;0;0;0;0;1;2;0;0;0;0;0;0;0;0;0;0;0;0;0;0;0;0;0;0;0;0;0;0;0;0;0;0;0;0
1;1.9;1.9.3;714700.47;4756859.50;761.58;1.3;0.8;4.1;8.4;32;0;8;2;0;2;2;1;2;2;0;0;0;2;0;0;0;0;1;3;0;0;0;0;0;1;0;9;1;3;0;3;0;0;0;0;2;0;0;0;0;1;1;0;0;0;2;0;1;0;2;2;0;1;0;0;0;0;0;0;0;0;1;0;0;0;0;0;0;0;0;0;0;1;0;0;1;1;0;0;0;1;0;0;0;0;0;1;2;0;0;0;0;1;0;0;0;0;0;1;0;0;0;0;0;0;0;0;0;0;0;0;0;0;0;0;0;0;0;0;0;0;0;0;0;0;0
2;2.1;2.1.1;718557.44;4830886.51;1135.52;4.0;0.4;14.6;28.8;8;5;9;1;0;0;2;0;0;0;1;0;1;0;0;0;0;0;0;0;0;0;0;0;0;0;0;9;2;0;0;0;0;0;0;0;0;0;0;0;3;0;0;0;0;0;0;0;0;0;0;0;0;0;0;0;0;0;0;2;0;0;0;0;0;0;0;0;0;0;0;0;0;0;2;0;0;0;0;0;0;0;0;0;0;0;0;0;0;2;0;0;0;0;0;0;0;0;0;0;0;8;0;0;5;0;2;1;1;1;0;0;0;0;0;0;0;0;0;0;0;0;0;0;0;0;0
2;2.1;2.1.2;718568.94;4830859.49;1128.49;3.9;-1.9;13.1;26.1;16;5;8;0;0;0;2;0;0;0;3;0;0;0;0;0;0;0;0;0;0;0;0;0;0;5;0;7;0;0;0;0;0;0;0;0;0;0;0;0;2;0;0;0;0;0;0;0;0;0;0;0;0;0;0;0;0;0;0;0;0;0;0;0;0;0;0;0;0;0;0;0;0;2;0;0;0;0;0;0;0;0;0;0;0;0;0;0;0;2;0;0;0;0;0;0;0;0;0;0;0;2;0;0;1;0;0;2;0;0;1;1;0;0;0;0;0;0;0;0;0;0;0;0;0;0;0
2;2.1;2.1.3;718591.42;4830865.60;1144.90;4.5;1.7;16.5;30.2;8;5;9;0;0;0;1;0;0;0;3;0;0;0;0;0;0;0;0;0;0;0;0;0;0;0;0;9;2;0;0;2;0;0;0;0;0;0;0;0;2;0;0;1;0;0;0;0;0;0;0;0;0;0;0;0;0;0;0;1;0;0;0;0;0;0;0;0;0;0;0;0;0;2;0;0;0;0;0;0;0;0;0;0;0;0;0;0;0;0;0;0;0;0;0;0;0;0;0;0;0;0;0;0;0;0;0;2;0;0;0;0;1;0;0;0;0;0;0;0;0;0;0;0;0;0;0
2;2.2;2.2.1;718651.18;4830822.85;1142.77;2.5;0.0;8.5;18.1;4;1;9;0;0;0;0;0;0;0;1;0;0;0;0;0;0;0;0;0;0;0;0;0;0;0;0;2;3;0;0;0;0;7;0;0;0;0;0;0;2;0;0;0;0;0;0;0;0;0;0;0;0;0;0;0;0;0;0;0;0;0;0;0;0;0;0;0;0;0;0;1;0;0;1;0;0;0;0;0;0;0;0;0;0;0;0;0;0;1;0;0;0;0;0;0;0;0;0;0;0;0;0;0;2;0;0;2;0;2;0;0;0;1;0;0;0;0;0;0;0;0;0;0;0;0;0
2;2.2;2.2.2.;718678.26;4830811.41;1143.81;2.7;0.5;8.8;18.8;8;2;9;0;0;0;0;0;0;0;1;0;0;0;0;0;0;0;0;0;0;0;0;0;0;0;0;8;5;0;0;0;0;5;0;0;0;0;0;0;2;0;0;0;0;0;0;0;0;0;0;0;0;0;0;3;0;0;0;0;0;0;0;0;0;0;0;0;0;0;0;1;0;5;1;0;0;0;0;0;0;0;0;0;0;0;0;0;0;1;0;0;0;0;0;0;0;0;0;0;0;3;0;0;0;0;0;2;1;1;0;1;0;0;1;2;3;1;0;0;0;0;0;0;0;0;0
2;2.2;2.2.3;718669.69;4830749.12;1128.83;3.1;-0.9;8.9;21.4;4;2;9;1;0;0;0;0;0;0;1;0;0;0;0;0;0;0;0;0;0;0;0;0;0;0;0;8;3;0;0;0;0;0;0;0;0;0;0;0;3;0;0;0;0;0;0;0;0;0;0;0;0;0;0;0;0;0;0;0;0;0;0;0;0;0;0;0;0;0;0;0;0;0;0;0;0;0;0;0;1;0;0;0;0;0;0;0;0;2;0;0;0;0;0;0;0;0;0;0;0;7;0;0;0;0;0;2;0;1;0;1;0;0;0;0;0;0;0;0;0;0;0;0;0;0;0
2;2.3;2.3.1;718432.60;4830818.85;1106.04;3.0;0.3;11.7;22.5;2;8;7;0;0;0;0;0;0;0;1;0;0;1;0;0;0;0;0;0;0;0;0;0;0;0;0;8;3;0;0;0;0;0;0;0;0;0;0;0;3;0;0;0;0;0;0;0;0;0;0;0;0;0;2;0;0;0;0;0;0;0;0;0;0;0;0;0;0;0;0;0;0;3;0;0;0;0;0;0;0;0;0;0;0;0;0;0;0;0;0;0;0;0;0;0;0;0;0;0;0;3;0;0;0;0;2;0;0;0;0;0;0;0;0;0;0;0;0;0;0;0;0;0;0;0;0
2;2.3;2.3.2;718484.22;4830864.44;1110.63;2.2;-2.2;5.9;13.4;4;0;9;0;0;2;1;1;0;0;0;0;0;1;0;0;0;0;0;0;0;0;0;0;0;0;0;9;5;0;0;3;0;0;0;0;0;0;0;0;1;0;0;0;0;0;0;0;0;0;0;0;0;1;2;0;0;0;0;2;0;0;0;0;0;0;0;0;0;0;0;0;0;0;2;0;0;0;0;0;0;0;0;0;0;0;0;0;0;0;0;0;0;0;0;0;0;0;0;0;0;0;0;0;5;0;0;0;0;2;0;2;0;0;0;0;0;0;0;0;0;0;0;0;0;0;0
2;2.3;2.3.3;718431.29;4830846.85;1122.08;3.9;3.1;12.0;22.8;2;7;8;0;0;0;0;0;0;0;0;0;0;0;0;0;0;0;0;0;0;0;0;0;0;0;0;7;0;0;0;0;0;0;0;0;0;0;0;0;2;0;0;0;0;0;0;0;0;0;0;0;0;0;0;0;0;0;0;0;0;0;0;0;0;0;0;0;0;0;0;0;0;0;0;0;0;0;0;0;0;0;0;0;0;0;0;0;0;0;0;0;0;0;0;0;0;0;0;0;0;7;0;0;5;0;3;0;0;0;0;1;0;0;0;0;0;0;0;0;0;0;0;0;0;0;0
2;2.4;2.4.1;718804.63;4830646.21;1127.10;3.9;0.1;12.8;26.1;8;5;8;0;0;0;3;1;0;0;0;0;0;0;0;3;0;0;0;0;0;0;0;0;0;0;0;7;5;0;0;0;0;0;0;0;0;0;0;0;2;0;0;1;0;0;0;0;0;0;0;0;0;0;0;3;0;0;0;0;0;0;0;0;5;0;0;0;0;0;0;0;0;0;0;0;0;0;0;0;0;0;0;0;0;0;0;0;0;0;0;0;0;0;0;0;0;0;0;0;0;5;0;3;0;0;0;1;0;1;0;2;0;0;0;0;0;0;0;0;0;0;2;0;1;0;0
2;2.4;2.4.2;718817.09;4830718.09;1144.34;3.7;-0.1;14.0;26.5;8;5;9;0;0;0;0;0;0;0;1;0;0;1;1;0;0;0;0;0;0;0;0;0;0;0;0;2;5;0;0;0;0;0;0;2;0;0;0;0;2;0;0;0;0;0;0;0;0;0;0;0;0;0;0;1;0;0;0;2;0;0;0;0;0;0;0;0;0;0;0;0;0;3;1;0;0;0;0;0;0;0;0;0;0;0;0;0;0;0;0;0;0;0;0;0;0;0;0;0;0;5;7;1;0;0;0;0;0;2;0;3;0;0;0;0;0;0;2;0;0;0;5;0;0;0;0
2;2.4;2.4.3;718835.46;4830664.08;1142.76;2.8;1.2;9.8;19.2;8;0;9;0;3;0;0;0;1;0;1;0;0;1;1;0;0;0;0;0;0;0;0;0;1;0;0;3;7;0;0;0;0;0;0;3;0;0;0;0;0;0;0;1;0;0;0;0;0;0;0;0;0;0;0;3;0;0;0;2;0;0;0;0;7;0;0;1;0;0;0;0;0;0;0;0;0;0;0;0;0;0;0;0;0;0;0;0;0;2;0;0;0;0;0;0;0;0;0;0;0;1;5;3;3;0;2;1;0;2;0;2;0;0;0;0;1;0;0;0;0;1;2;0;2;1;1
2;2.5;2.5.1;718372.23;4830748.38;1094.77;3.1;-0.8;8.9;21.7;4;5;9;1;0;0;1;0;0;0;5;0;0;0;0;0;0;0;0;0;0;0;0;0;0;0;0;5;1;0;0;0;0;0;0;0;0;0;0;0;1;0;0;0;0;0;0;0;0;0;0;0;0;0;0;0;0;0;0;1;0;0;0;0;0;0;0;0;0;0;0;0;0;0;0;0;0;0;0;0;0;0;0;0;0;0;0;0;0;0;0;0;0;0;0;0;0;0;0;0;0;0;0;0;0;0;0;1;0;0;0;0;0;0;0;0;0;0;0;0;0;0;3;0;0;0;0
2;2.5;2.5.2;718399.86;4830752.04;1092.31;3.2;-1.6;9.9;22.3;4;5;9;1;0;0;2;0;0;0;5;0;0;0;0;0;0;0;0;0;0;0;0;0;0;0;0;8;1;0;0;0;0;0;0;0;0;0;0;0;2;0;0;0;0;0;0;0;0;0;0;0;0;0;0;0;0;0;0;0;0;0;0;0;0;0;0;0;0;0;0;0;0;0;0;0;0;0;0;2;0;0;0;0;0;0;0;0;0;0;0;0;0;0;0;0;0;0;0;0;0;2;0;0;0;3;0;0;0;0;0;0;0;0;0;0;0;0;0;0;0;0;0;0;2;0;0
2;2.5;2.5.3;718425.87;4830767.66;1089.66;2.9;-1.3;9.8;19.5;1;5;8;0;0;0;2;0;0;0;1;0;0;0;2;0;0;0;0;0;0;0;0;0;0;0;0;5;0;0;0;0;0;0;0;0;0;0;0;0;2;0;0;0;0;0;0;0;0;0;0;0;0;0;1;0;0;0;0;0;0;0;0;0;0;0;0;0;0;0;0;0;0;0;0;0;0;0;0;0;0;0;0;0;0;0;0;0;0;0;0;0;0;0;0;0;0;0;0;0;0;0;0;0;0;3;0;0;0;0;0;1;0;0;0;0;0;0;0;0;0;0;0;0;0;0;0
2;2.6;2.6.1;718575.43;4830691.78;1088.97;1.8;-0.7;6.2;12.8;16;2;8;0;0;0;2;0;0;0;0;0;0;0;0;0;0;0;0;0;0;0;0;0;0;0;0;9;0;0;0;0;0;0;0;0;0;0;0;0;3;0;0;0;0;3;0;0;0;0;0;0;0;0;2;0;0;0;0;0;0;0;0;0;0;0;0;0;0;0;0;1;0;0;0;0;0;0;0;0;1;0;0;0;0;0;0;0;0;0;0;0;0;0;0;0;0;0;0;0;0;0;0;0;0;0;0;0;0;0;0;0;0;0;0;0;0;0;0;0;0;0;0;0;0;0;0
2;2.6;2.6.2;718606.93;4830731.62;1115.12;4.9;0.6;15.4;31.9;4;5;8;1;0;0;0;0;0;0;3;0;0;0;0;0;0;0;0;0;0;0;0;0;0;0;0;7;0;0;0;0;0;0;0;0;0;0;0;0;3;0;0;0;0;0;0;0;0;0;0;0;0;0;2;0;0;0;0;0;0;0;0;0;0;0;0;0;0;0;0;0;0;0;0;0;0;0;0;0;0;0;0;0;0;0;0;0;0;0;0;0;0;0;0;0;0;0;0;0;0;3;0;0;0;0;0;0;0;0;0;0;0;0;0;0;0;0;1;0;0;0;0;0;0;0;0
2;2.6;2.6.3;718645.53;4830729.70;1121.59;3.6;1.1;10.9;25.2;4;3;9;0;0;0;2;0;0;0;2;0;0;0;0;0;0;0;0;0;0;0;0;0;0;0;0;2;2;0;0;0;0;0;0;0;0;0;0;0;3;0;0;0;0;0;0;0;0;0;0;0;0;0;0;0;0;0;0;0;0;0;0;0;0;0;0;0;0;0;0;1;0;3;2;0;0;0;0;0;0;0;0;0;0;0;0;0;0;0;0;0;0;0;0;0;0;0;0;0;0;0;0;0;0;0;0;2;0;0;0;0;0;0;0;0;0;0;0;0;0;0;0;0;0;0;0
2;2.7;2.7.1;718519.20;4830722.09;1076.55;5.4;-0.0;18.2;34.5;16;7;7;0;0;0;1;0;0;0;0;0;0;0;0;0;0;0;0;0;0;0;0;0;0;0;0;0;0;0;0;0;0;0;0;0;0;0;0;0;1;0;0;0;0;0;0;0;0;0;0;0;0;0;0;0;0;0;0;0;0;0;0;0;0;0;0;0;0;0;0;0;0;0;0;0;0;0;0;0;0;0;0;0;0;0;0;0;0;0;0;0;0;0;0;0;0;0;0;0;0;0;0;0;0;0;0;0;0;0;0;0;0;0;0;0;0;0;0;0;0;0;0;0;0;0;0
2;2.7;2.7.2;718520.07;4830755.38;1084.03;4.7;-0.3;15.7;30.9;16;3;8;1;0;0;3;0;0;0;0;0;0;0;0;0;0;0;0;0;0;0;0;0;0;0;0;9;0;0;0;0;0;0;0;0;0;0;0;0;3;0;0;2;0;0;0;0;0;0;0;0;0;0;0;0;0;0;0;0;0;0;0;0;0;0;0;0;0;0;0;1;0;0;0;0;0;0;0;0;0;0;0;0;0;0;0;0;0;0;0;0;0;0;0;0;0;0;0;0;0;0;0;0;0;0;0;0;0;0;0;0;0;0;0;1;0;0;0;0;0;0;0;0;0;0;0
2;2.7;2.7.3;718540.13;4830779.80;1098.32;3.9;-0.0;13.2;26.5;16;7;8;0;0;0;0;0;0;0;3;0;0;0;0;5;0;0;0;0;0;0;0;0;0;0;0;2;0;0;0;0;0;0;0;0;0;0;0;0;3;0;0;3;0;0;0;0;0;0;0;0;0;0;0;0;0;0;0;0;0;0;0;0;0;0;0;0;0;0;0;0;0;0;0;0;0;0;0;2;0;0;0;0;0;0;0;0;0;0;0;0;0;0;0;0;0;0;0;0;0;5;0;0;1;0;0;0;0;0;0;1;0;0;0;0;0;0;0;0;0;0;0;0;0;0;0
2;2.8;2.8.1;718426.51;4830997.45;1158.38;1.5;-0.8;4.7;10.4;4;7;9;0;0;0;0;1;0;0;0;0;0;0;0;0;0;0;0;0;0;0;0;0;0;0;0;5;3;0;0;3;0;0;0;1;0;0;0;0;1;0;0;2;0;0;0;0;0;0;0;0;0;0;0;1;0;0;0;1;0;0;0;0;0;0;0;0;0;0;0;1;0;0;0;0;0;0;0;3;0;0;0;0;0;0;0;0;0;1;0;0;0;0;0;0;0;0;0;0;0;0;0;0;0;0;0;0;0;1;0;0;2;0;0;0;0;1;0;1;1;1;0;0;0;0;0
2;2.8;2.8.2;718424.82;4830972.82;1151.52;2.3;-0.8;6.3;14.9;4;7;8;0;0;0;1;0;0;0;0;0;0;0;0;0;0;0;0;0;0;0;0;0;0;0;0;7;0;0;0;2;0;0;0;0;0;0;0;0;1;0;0;0;0;0;0;0;0;0;0;0;0;0;0;1;0;0;0;2;0;0;0;0;0;0;0;0;0;0;0;1;0;0;1;0;0;0;0;0;0;0;0;0;0;0;0;0;0;0;0;0;0;0;0;0;0;0;0;0;0;3;0;0;0;0;0;0;0;0;0;1;0;2;0;0;0;1;0;2;0;0;2;0;0;0;0
2;2.8;2.8.3;718470.14;4830969.42;1155.88;2.6;0.5;8.2;17.8;4;0;9;0;0;0;0;0;1;0;0;0;0;0;0;0;0;0;0;0;0;0;0;0;0;0;0;9;3;0;0;2;0;0;0;0;0;0;0;0;2;0;0;3;0;0;0;0;0;0;0;0;0;0;0;1;0;0;0;0;0;0;0;0;0;0;0;0;0;0;0;1;0;0;0;0;0;0;0;2;0;0;0;0;0;0;0;0;0;1;1;0;0;0;0;0;0;0;0;0;0;7;0;0;5;0;0;0;0;2;0;0;0;0;0;0;0;0;0;0;0;0;0;1;0;0;0
2;2.9;2.9.1;718515.59;4830612.18;1035.78;4.7;0.3;18.7;32.7;8;5;9;5;0;0;2;0;0;0;3;0;0;0;0;0;0;0;3;0;0;0;0;0;0;0;0;8;2;0;0;2;0;0;0;0;0;0;0;0;2;0;0;0;0;0;0;0;0;0;0;0;0;0;2;0;0;0;0;0;0;0;0;0;0;0;0;0;0;0;0;0;0;0;0;0;0;0;0;0;0;0;0;0;0;0;0;0;0;2;0;0;0;0;0;0;0;0;0;0;0;2;0;0;3;0;0;0;0;2;0;2;0;0;0;0;0;0;0;0;0;0;0;0;0;0;0
2;2.9;2.9.2;718538.51;4830612.05;1042.35;4.6;-0.3;16.1;30.4;8;5;9;3;0;0;3;0;0;0;3;0;0;0;0;0;0;0;0;3;0;0;0;0;0;0;0;9;0;0;0;0;0;0;0;0;0;0;0;0;2;0;0;0;0;0;0;0;0;0;0;0;0;0;0;0;0;0;0;0;0;0;0;0;0;0;0;0;0;0;0;0;0;0;0;0;0;0;0;0;0;0;0;0;0;0;0;0;0;0;0;0;0;0;0;0;0;0;0;0;0;2;0;0;3;0;0;0;0;0;0;0;0;0;0;0;0;0;0;0;0;2;0;0;0;0;0
2;2.9;2.9.3;718518.00;4830640.28;1049.93;4.8;0.9;18.6;33.5;8;7;9;1;0;0;3;0;2;0;3;0;0;0;0;0;0;0;0;0;0;0;0;0;0;0;0;2;0;0;0;0;0;0;0;0;0;0;0;0;1;0;0;0;0;2;0;0;0;0;0;0;0;0;0;0;0;0;0;0;0;0;0;0;0;0;0;0;0;0;0;0;0;0;0;0;0;0;0;0;0;0;0;0;0;0;0;0;0;0;0;0;0;0;0;0;0;0;0;0;0;1;0;0;0;0;0;0;0;0;0;0;0;0;0;0;0;0;0;0;0;0;0;0;0;0;0
